Subject ID,session 1,session 2
MD-101218-A-01,debugIEH2T:debugDLVLJ,debug2Ea7T:debugosNZ7
MD-101218-B-01,debugBUnNA:debugLtZcs,debugQEynG:debugpwxCU
MD-101218-A-02,debugYQfMB:debugxg7il,debugyBEnU:debugSXeyx
MD-101218-B-02,debugd1YD1:debug4FrAg,debugbu5Bq:debugl91xD
MD-101218-A-03,debug92cgv:debugvdAIT,debugIFCgX:debugt0bgV
MD-101218-B-03,debugGaDml:debugFTHoY,debugBB0yq:debug30NBt
MD-101218-A-04,debugmFRWe:debug4RZkW,debugBhGxH:debugMWNLW
MD-101318-B-01,debug3dOrm:debugAjPUS,debugdHg9G:debugnb698
MD-101318-B-02,debugdhnfF:debug6fW93,debugS5d5Q:debugpxU3l
MD-101318-A-02,debugvnS2Q:debugG20gK,debugNTcAd:debugiaabY
MD-101318-A-03,debuglPelZ:debugtE6HF,debugVzPKf:debugbR0Vq
MD-101318-B-03,debugHKLdw:debugk43rK,debug6GN7B:debugBfGog
MD-101318-B-04,debugpdN5k:debug3flgN,debug5vYxL:debug5nmdy
MD-101318-B-05,debugmRWSb:debugPVXlB,debugxH6Hc:debughncuB
MD-101318-A-06,debugQ0oPh:debugCquQc,debugF2QKD:debug9rZa3
MD-101318-B-06,debug3lixg:debugdwpeu,debugVFMcA:debugjM9rk
MD-101618-A-01,debugSlGFs:debug42TAZ,debugnZ9kj:debug1magv
MD-101618-B-01,debughbxU4:debugUuTk6,debugW3qVn:debugxspIb
MD-101618-A-02,debugoVPgV:debugSiRLD,debugTYPE4:debugnAJ5U
MD-101618-B-02,debugPWYYp:debugg9K3I,debugjVH6O:debugDbg24
MD-101618-A-03,debugiqtcE:debugiPC2h,debug89P9i:debugM6pZC
MD-101618-B-04,debugFx2Bu:debug5w0Vs,debugm7zD9:debugOLIFw
MD-102018-A-01,debugXxDJj:debugwfW5a,debugprpJQ:debugprHEo
MD-102018-B-01,debugVmS30:debugTvoFz,debugOAHPU:debugIjGSz
MD-102018-A-02,debugmfo3M:debugCN3Vj,debugVk1WF:debugksIUE
MD-102018-B-02,debugRNwge:debugv0fyi,debugAlono:debugbY9Uu
MD-102018-A-03,debugjuwsg:debug3pWiZ,debug6P3kW:debugx1dMX
MD-102118-A-01,debugfO0us:debug6tlz1,debugmmpS4:debugkthEs
MD-102218-B-01,debugqWZVC:debugZSccI,debugRvgf2:debugpnybj
MD-102218-A-01,debugzpeYK:debugTgMB3,debugb0VTV:debug6Rjzv
MD-102218-B-02,debugLou4K:debug5KpMQ,debugFL4Kc:debugPi0it
MD-102218-A-02,debuglUIy4:debugsomEs,debug03Zxl:debugkKI0E
MD-102218-B-03,debuglAycr:debugoFV0D,debug6ykCf:debugu9cGl
MD-102218-B-05,debugkEJ1a:debugchUt6,debug2afDC:debugDPori
MD-102218-A-06,debug67jbC:debugFuOd5,debugYsNkJ:debug0AYus
MD-102218-A-07,debugWvhTI:debug65Thd,debugTkyN6:debugdsr6W
MD-013119-A-02,debug5ytRS:debug22nvn,debug3Z74G:debug6CQ6D
MD-013119-B-01,debuguhHBa:debug1HOCZ,debug0GSk9:debugttOEY
MD-020119-A-02,debugfGFHT:debugLCOgS,debug9ngWi:debugpMjGl
MD-020119-B-02,debugAU1cu:debugzdGmZ,debug27k0b:debugOGsyi
MD-020119-A-03,debugRQQWb:debugwDi2H,debugWRfIG:debugJWnAi
MD-020119-A-04,debugo1MpX:debugfpXYH,debugeyj0U:debugsaXvf
MD-020819-B-01,debug3RFCM:debuggg1Gs,debugMDnZj:debugPx77x
MD-021519-A-01,debugzcmcY:debuguPcuX,debugpFb6R:debugVVofr
MD-021819-B-01,debug2LQvu:debugk4zJe,debug5crvm:debug703dt
MD-021819-B-02,debugV24oG:debug1XLSo,debugNf95q:debugeVCxY
MD-021919-A-01,debugKTkCo:debugh4yBd,debugvVhQW:debugSoY0N
MD-021919-B-01,debugBbcu2:debugep6I7,debugJ2iI9:debugD6tOV
MD-021919-A-02,debugQzo2F:debugV7e7L,debuga849D:debugxL9sR
MD-022519-A-01,debugDJDu6:debugt5hRR,debugkDeMP:debugdSU7q
MD-022719-A-01,debugxhEnD:debugVc60O,debugYwV6a:debugs5Yuo
MD-022819-B-01,debugxU4HA:debugQKG1l,debug5T48Z:debugbTZe9
MD-022819-B-02,debuglzBlV:debugckT3E,debugHfN73:debugBvF1I
